Ampliação da Rede Cicloviária da Região Leste - 35 km;
Ampliação da Rede Cicloviária da Região Leste - 35 km;10,0%
Ampliação da Rede Cicloviária da Região Oeste - 11,5 km;
Ampliação da Rede Cicloviária da Região Oeste - 11,5 km;10,0%
Ampliação da Rede Sul - 16 km;
Ampliação da Rede Sul - 16 km;10,0%
Ampliação da Rede Zona Norte - 29 km;
Ampliação da Rede Zona Norte - 29 km;10,0%
CAPS AD III BRASILANDIA / UA Infanto-juvenil;
CAPS AD III BRASILANDIA / UA Infanto-juvenil;12,5%
CAPS AD III BRASILANDIA / UA Infanto-juvenil;5,0%
CAPS AD III CIDADE ADEMAR / UA Infanto-juvenil;
CAPS AD III CIDADE ADEMAR / UA Infanto-juvenil;12,5%
CAPS AD III CIDADE ADEMAR / UA Infanto-juvenil;5,0%
CAPS AD III CIDADE TIRADENTES / UA Adulto;
CAPS AD III CIDADE TIRADENTES / UA Adulto;5,0%
CAPS AD III CIDADE TIRADENTES / UA Adulto;7,5%
CAPS AD III JD HELENA / UA Adulto S. Miguel;
CAPS AD III JD HELENA / UA Adulto S. Miguel;12,5%
CAPS AD III JD HELENA / UA Adulto S. Miguel;5,0%
CAPS AD III JD NELIA / Itaim UA Adulto;
CAPS AD III JD NELIA / Itaim UA Adulto;12,5%
CAPS AD III JD NELIA / Itaim UA Adulto;5,0%
CAPS AD III PARELHEIROS / UA Adulto;
CAPS AD III PARELHEIROS / UA Adulto;12,5%
CAPS AD III PARELHEIROS / UA Adulto;5,0%
CAPS AD III PERUS;
CAPS AD III PERUS;12,5%
CAPS AD III PERUS;5,0%
CAPS AD III VILA MARIA;
CAPS AD III VILA MARIA;12,5%
CAPS AD III VILA MARIA;5,0%
CAPS AD III VILA MARIANA;
CAPS AD III VILA MARIANA;12,5%
CAPS AD III VILA MARIANA;5,0%
CAPS AD III VILA SONIA;
CAPS AD III VILA SONIA;12,5%
CAPS AD III VILA SONIA;5,0%
CAPS ADULTO III BUTANTA / UA Adulto;
CAPS ADULTO III BUTANTA / UA Adulto;5,0%
CAPS ADULTO III BUTANTA / UA Adulto;7,5%
CAPS ADULTO III GRAJAU;
CAPS ADULTO III GRAJAU;5,0%
CAPS ADULTO III GRAJAU;7,5%
CAPS ADULTO III ITAIM PAULISTA;
CAPS ADULTO III ITAIM PAULISTA;5,0%
CAPS ADULTO III ITAIM PAULISTA;7,5%
CAPS ADULTO III JD HELENA;
CAPS ADULTO III JD HELENA;5,0%
CAPS ADULTO III JD HELENA;7,5%
CAPS ADULTO III PERUS;
CAPS ADULTO III PERUS;5,0%
CAPS ADULTO III PERUS;7,5%
CAPS ADULTO III RIO PEQUENO;
CAPS ADULTO III RIO PEQUENO;5,0%
CAPS ADULTO III RIO PEQUENO;7,5%
CAPS Adulto III SÃO MATEUS;
CAPS Adulto III SÃO MATEUS;5,0%
CAPS Adulto III SÃO MATEUS;7,5%
CAPS ADULTO III SÃO MIGUEL PAULISTA;
CAPS ADULTO III SÃO MIGUEL PAULISTA;5,0%
CAPS ADULTO III SÃO MIGUEL PAULISTA;7,5%
CAPS ADULTO III VILA MARIA;
CAPS ADULTO III VILA MARIA;5,0%
CAPS ADULTO III VILA MARIA;7,5%
CAPS ADULTO III VILA MARIANA / UA Adulto;
CAPS ADULTO III VILA MARIANA / UA Adulto;5,0%
CAPS ADULTO III VILA MARIANA / UA Adulto;7,5%
CAPS INFANTIL BUTANTA / UA Infanto-juvenil;
CAPS INFANTIL BUTANTA / UA Infanto-juvenil;5,0%
CAPS INFANTIL BUTANTA / UA Infanto-juvenil;7,5%
CAPS INFANTIL CIDADE TIRADENTES / UA Infanto-juvenil;
CAPS INFANTIL CIDADE TIRADENTES / UA Infanto-juvenil;5,0%
CAPS INFANTIL CIDADE TIRADENTES / UA Infanto-juvenil;7,5%
CAPS INFANTIL GRAJAU;
CAPS INFANTIL GRAJAU;5,0%
CAPS INFANTIL GRAJAU;7,5%
CAPS INFANTIL JD HELENA;
CAPS INFANTIL JD HELENA;5,0%
CAPS INFANTIL JD HELENA;7,5%
CAPS INFANTIL PIRITUBA;
CAPS INFANTIL PIRITUBA;5,0%
CAPS INFANTIL PIRITUBA;7,5%
CAPS INFANTIL SÃO MATEUS;
CAPS INFANTIL SÃO MATEUS;5,0%
CAPS INFANTIL SÃO MATEUS;7,5%
CAPS INFANTIL SÃO MIGUEL PAULISTA;
CAPS INFANTIL SÃO MIGUEL PAULISTA;5,0%
CAPS INFANTIL SÃO MIGUEL PAULISTA;7,5%
Casa da Mulher Brasileira ;
Casa da Mulher Brasileira ;25,0%
Casa da Mulher Brasileira ;30,0%
Casa da Mulher Brasileira;30,0%
Casa de Cultura Casarão Celso Garcia;
Casa de Cultura Casarão Celso Garcia;15,0%
Casa de Cultura da Vila Guilherme;
Casa de Cultura da Vila Guilherme;15,0%
Casa de Cultura de Ermelino Matarazzo;
Casa de Cultura de Ermelino Matarazzo;20,0%
Casa de Cultura de Jabaquara;
Casa de Cultura de Jabaquara;20,0%
Casa de Cultura de Parelheiros;
Casa de Cultura de Parelheiros;15,0%
Casa de Cultura de Pirituba;
Casa de Cultura de Pirituba;20,0%
Casa de Cultura de São Mateus;
Casa de Cultura de São Mateus;15,0%
Casa de Cultura do Sítio Mirim;
Casa de Cultura do Sítio Mirim;20,0%
Casa de Passagem;
Casa de Passagem;12,5%
CEI 193;0,0%
CEI 194;0,0%
CEI 195;0,0%
CEI 196;0,0%
CEI 197;0,0%
CEI 198;0,0%
CEI 199;0,0%
CEI 200;
CEI 200;0,0%
CEI 201;
CEI 201;0,0%
CEI 202;
CEI 202;0,0%
CEI 203;
CEI 203;0,0%
CEI 204;
CEI 204;0,0%
CEI 205;
CEI 205;0,0%
CEI 206;
CEI 206;0,0%
CEI 207;
CEI 207;0,0%
CEI 208;
CEI 208;0,0%
CEI 209;
CEI 209;0,0%
CEI 210;
CEI 210;0,0%
CEI 211;
CEI 211;0,0%
CEI 212;
CEI 212;0,0%
CEI 213;
CEI 213;0,0%
CEI 214;
CEI 214;0,0%
CEI 215;
CEI 215;0,0%
CEI 216;
CEI 216;0,0%
CEI 217;
CEI 217;0,0%
CEI 218;
CEI 218;0,0%
CEI 219;
CEI 219;0,0%
CEI 220;
CEI 220;0,0%
CEI 221;
CEI 221;0,0%
CEI 222;
CEI 222;0,0%
CEI 223;
CEI 223;0,0%
CEI 224;
CEI 224;0,0%
CEI 225;
CEI 225;0,0%
CEI 226;
CEI 226;0,0%
CEI 227;
CEI 227;0,0%
CEI 228;
CEI 228;0,0%
CEI 229;
CEI 229;0,0%
CEI 230;
CEI 230;0,0%
CEI 231;
CEI 231;0,0%
CEI 232;
CEI 232;0,0%
CEI 233;
CEI 233;0,0%
CEI 234;
CEI 234;0,0%
CEI 235;
CEI 235;0,0%
CEI 236;
CEI 236;0,0%
CEI 237;
CEI 237;0,0%
CEI 238;
CEI 238;0,0%
CEI 239;
CEI 239;0,0%
CEI 240;
CEI 240;0,0%
CEI 241;
CEI 241;0,0%
CEI 242;
CEI 242;0,0%
CEI 243;
CEI 243;0,0%
CEI - Alfazemas I - PONTE RASA;
CEI - Alfazemas I - PONTE RASA;100,0%
CEI - CAMPO LIMPO IV;
CEI - CAMPO LIMPO IV;100,0%
CEI - Capao Redondo I;
CEI - Capao Redondo I;100,0%
CEI - Capao Redondo II;
CEI - Capao Redondo II;80,0%
CEI - CDHU JACUI A;
CEI - CDHU JACUI A;100,0%
CEI - Chacara Jockey - VILA SONIA;
CEI - Chacara Jockey - VILA SONIA;10,0%
CEI - Cidade Azul - JABAQUARA;
CEI - Cidade Azul - JABAQUARA;5,0%
CEI - Conjunto Habitacional Padre Manuel de Paiva - ARTHUR ALVIM;
CEI - Conjunto Habitacional Padre Manuel de Paiva - ARTHUR ALVIM;100,0%
CEI - Conjunto Habitacional Padre Manuel de Paiva - ARTHUR ALVIM;97,5%
CEI - Conjunto Habitacional Santa Etelvina VI - CIDADE TIRADENTES;
CEI - Conjunto Habitacional Santa Etelvina VI - CIDADE TIRADENTES;100,0%
CEI - Conjunto Habitacional Teotônio Vilela I - SAPOPEMBA;
CEI - Conjunto Habitacional Teotônio Vilela I - SAPOPEMBA;100,0%
CEI - Distrito Campo Limpo Setor 1703-5;
CEI - Distrito Campo Limpo Setor 1703-5;15,0%
CEI - Distrito Campo Limpo Setor 1704-2;
CEI - Distrito Campo Limpo Setor 1704-2;15,0%
CEI - Distrito Campo Limpo Setor 1706-3;
CEI - Distrito Campo Limpo Setor 1706-3;15,0%
CEI - Distrito Jardim Angela Setor 4303;
CEI - Distrito Jardim Angela Setor 4303;5,0%
CEI - Distrito Jardim Angela Setor 4307-2;
CEI - Distrito Jardim Angela Setor 4307-2;5,0%
CEI - Distrito Jardim Angela Setor 4307-3;
CEI - Distrito Jardim Angela Setor 4307-3;15,0%
CEI - Distrito Jardim Angela Setor 4307-4;
CEI - Distrito Jardim Angela Setor 4307-4;15,0%
CEI - Distrito Sacoma Setor 6802-3;
CEI - Distrito Sacoma Setor 6802-3;5,0%
CEI - Distrito Sacoma Setor 6802-4;
CEI - Distrito Sacoma Setor 6802-4;5,0%
CEI - Distrito Vila Andrade Setor 8301;
CEI - Distrito Vila Andrade Setor 8301;5,0%
CEI/EMEI setor 3016 - Distrito Grajaú;
CEI/EMEI setor 3016 - Distrito Grajaú;5,0%
CEI - Ilha da Juventude - JARAGUA;
CEI - Ilha da Juventude - JARAGUA;100,0%
CEI - IV Centenário;
CEI - IV Centenário;10,0%
CEI - JARDIM DAMASCENO II;
CEI - JARDIM DAMASCENO II;100,0%
CEI - JARDIM EDITE;
CEI - JARDIM EDITE;100,0%
CEI - Jardim Helena I - JARDIM HELENA;
CEI - Jardim Helena I - JARDIM HELENA;100,0%
CEI - Jardim Ipanema I;
CEI - Jardim Ipanema I;100,0%
CEI - JARDIM LAPENA;
CEI - JARDIM LAPENA;100,0%
CEI - JARDIM LAPENA I;
CEI - JARDIM LAPENA I;100,0%
CEI - JARDIM MARIA SAMPAIO - CAMPO LIMPO;
CEI - JARDIM MARIA SAMPAIO - CAMPO LIMPO;100,0%
CEI - Jardim Miriam I - ITAIM PAULISTA;
CEI - Jardim Miriam I - ITAIM PAULISTA;10,0%
CEI - Jardim Monte Alegre - FREGUESIA DO O;
CEI - Jardim Monte Alegre - FREGUESIA DO O;100,0%
CEI - Mãe Esperança II - SAPOPEMBA;
CEI - Mãe Esperança II - SAPOPEMBA;80,0%
CEI - Manuel Dutra - BELA VISTA;
CEI - Manuel Dutra - BELA VISTA;10,0%
CEI - Maria Sampaio - CAPAO REDONDO;
CEI - Maria Sampaio - CAPAO REDONDO;10,0%
CEI - Novo Cruzeiro - VILA CURUÇA;
CEI - Novo Cruzeiro - VILA CURUÇA;100,0%
CEI - Parque das Nacoes - JARAGUA;
CEI - Parque das Nacoes - JARAGUA;100,0%
CEI - Parque das Nacoes - JARAGUA;80,0%
CEI PARQUE NOVO GRAJAU (Setor 3003) - GRAJAU;
CEI PARQUE NOVO GRAJAU (Setor 3003) - GRAJAU;100,0%
CEI - PARQUE RONDOM - CAPAO REDONDO;
CEI - PARQUE RONDOM - CAPAO REDONDO;10,0%
CEI - Pequeninos do Reino - SÃO RAFAEL;
CEI - Pequeninos do Reino - SÃO RAFAEL;100,0%
CEI - Peratuba - JARDIM ANGELA;
CEI - Peratuba - JARDIM ANGELA;80,0%
CEI - Pirituba - JARAGUA;
CEI - Pirituba - JARAGUA;100,0%
CEI - Pirituba - JARAGUA;97,5%
CEI - Rua Tiquira - JARDIM ANGELA;50,0%
CEI Setor 0307 - Distrito Anhanguera - SIMEC 031;
CEI Setor 0307 - Distrito Anhanguera - SIMEC 031;10,0%
CEI Setor 0308 - Distrito  Anhanguera - SIMEC 020;
CEI Setor 0308 - Distrito  Anhanguera - SIMEC 020;15,0%
CEI Setor 0505 - Distrito Arthur Alvim - SIMEC 055;
CEI Setor 0505 - Distrito Arthur Alvim - SIMEC 055;15,0%
CEI setor 1104 (Av. Gen. Penha Brasil) - BRASILANDIA;
CEI setor 1104 (Av. Gen. Penha Brasil) - BRASILANDIA;10,0%
CEI setor 1105 BRASILANDIA;
CEI setor 1105 BRASILANDIA;10,0%
CEI Setor 1106 II - Distrito Brasilândia - SIMEC 059;
CEI Setor 1106 II - Distrito Brasilândia - SIMEC 059;15,0%
CEI setor 1302 - CACHOEIRINHA;
CEI setor 1302 - CACHOEIRINHA;10,0%
CEI Setor 1302 - Distrito Cachoeirinha - SIMEC 079;
CEI Setor 1302 - Distrito Cachoeirinha - SIMEC 079;10,0%
CEI Setor 1701 - Distrito Campo Limpo;
CEI Setor 1701 - Distrito Campo Limpo;15,0%
CEI Setor 1701 - Distrito Campo Limpo - SIMEC 025;
CEI Setor 1701 - Distrito Campo Limpo - SIMEC 025;15,0%
CEI Setor 1702 - Distrito  Campo Limpo - SIMEC 023;
CEI Setor 1702 - Distrito  Campo Limpo - SIMEC 023;15,0%
CEI Setor 1702 II - Distrito Campo Limpo - SIMEC 044;
CEI Setor 1702 II - Distrito Campo Limpo - SIMEC 044;10,0%
CEI Setor 1702 III - Distrito Campo Limpo - SIMEC 039;
CEI Setor 1702 III - Distrito Campo Limpo - SIMEC 039;10,0%
CEI Setor 1703 - Distrito Campo Limpo - SIMEC 010;
CEI Setor 1703 - Distrito Campo Limpo - SIMEC 010;10,0%
CEI Setor 1703 IV - Distrito Campo Limpo - SIMEC 038;
CEI Setor 1703 IV - Distrito Campo Limpo - SIMEC 038;10,0%
CEI Setor 1706 II - Distrito  Campo Limpo - SIMEC 011;
CEI Setor 1706 II - Distrito  Campo Limpo - SIMEC 011;10,0%
CEI setor 1802 - CANGAIBA;
CEI setor 1802 - CANGAIBA;40,0%
CEI setor 1802 II - CANGAIBA;
CEI setor 1802 II - CANGAIBA;10,0%
CEI Setor 1802 III - Distrito Penha;
CEI Setor 1802 III - Distrito Penha;5,0%
CEI Setor 1906 - Distrito Capão Redondo - SIMEC 036;
CEI Setor 1906 - Distrito Capão Redondo - SIMEC 036;10,0%
CEI Setor 1907 II - Distrito Capão Redondo - SIMEC 034;
CEI Setor 1907 II - Distrito Capão Redondo - SIMEC 034;10,0%
CEI setor 2101 - CASA VERDE;
CEI setor 2101 - CASA VERDE;10,0%
CEI setor 2203 - CIDADE ADEMAR;
CEI setor 2203 - CIDADE ADEMAR;10,0%
CEI setor 2204 - CIDADE ADEMAR;
CEI setor 2204 - CIDADE ADEMAR;10,0%
CEI setor 2205 - CIDADE ADEMAR;
CEI setor 2205 - CIDADE ADEMAR;10,0%
CEI Setor 2304 - Distrito Cidade Dutra - SIMEC 049;
CEI Setor 2304 - Distrito Cidade Dutra - SIMEC 049;10,0%
CEI setor 2306 - CIDADE DUTRA;
CEI setor 2306 - CIDADE DUTRA;10,0%
CEI Setor 2307 - Distrito Cidade Dutra - SIMEC 062;
CEI Setor 2307 - Distrito Cidade Dutra - SIMEC 062;10,0%
CEI Setor 2403 - Distrito Cidade Líder - SIMEC 043;
CEI Setor 2403 - Distrito Cidade Líder - SIMEC 043;10,0%
CEI Setor 2406 - Distrito Cidade Líder - SIMEC 017;
CEI Setor 2406 - Distrito Cidade Líder - SIMEC 017;15,0%
CEI setor 2504 - CIDADE TIRADENTES;
CEI setor 2504 - CIDADE TIRADENTES;80,0%
CEI Setor 2506 - Distrito de Cidade Tiradentes - SIMEC 012;
CEI Setor 2506 - Distrito de Cidade Tiradentes - SIMEC 012;15,0%
CEI setor 2802 - ERMELINO MATARAZZO;
CEI setor 2802 - ERMELINO MATARAZZO;80,0%
CEI setor 2901 - FREGUESIA DO O;
CEI setor 2901 - FREGUESIA DO O;15,0%
CEI Setor 3001 - Distrito Grajau  - SIMEC 070;
CEI Setor 3001 - Distrito Grajau  - SIMEC 070;10,0%
CEI Setor 3002 - Distrito Grajaú - SIMEC 046;
CEI Setor 3002 - Distrito Grajaú - SIMEC 046;10,0%
CEI setor 3003 - Distrito Grajaú;
CEI setor 3003 - Distrito Grajaú;5,0%
CEI Setor 3004 - Distrito Grajau - SIMEC 066;
CEI Setor 3004 - Distrito Grajau - SIMEC 066;10,0%
CEI Setor 3005 - Distrito Grajau - SIMEC  076;
CEI Setor 3005 - Distrito Grajau - SIMEC  076;10,0%
CEI setor 3005 II - Distrito Grajaú;
CEI setor 3005 II - Distrito Grajaú;15,0%
CEI setor 3006 - GRAJAU;
CEI setor 3006 - GRAJAU;10,0%
CEI Setor 3006 II - Distrito Grajaú - SIMEC 037;
CEI Setor 3006 II - Distrito Grajaú - SIMEC 037;10,0%
CEI Setor 3006 III - Distrito Grajaú - SIMEC  058;
CEI Setor 3006 III - Distrito Grajaú - SIMEC  058;10,0%
CEI Setor 3008 - Distrito Grajaú - SIMEC 057;
CEI Setor 3008 - Distrito Grajaú - SIMEC 057;10,0%
CEI setor 3008 - GRAJAU;
CEI setor 3008 - GRAJAU;10,0%
CEI setor 3008 II - Distrito Grajaú;
CEI setor 3008 II - Distrito Grajaú;15,0%
CEI Setor 3010 - Distrito Grajaú - SIMEC 048;
CEI Setor 3010 - Distrito Grajaú - SIMEC 048;10,0%
CEI Setor 3012 - Distrito Grajaú - SIMEC 032;
CEI Setor 3012 - Distrito Grajaú - SIMEC 032;10,0%
CEI Setor 3013 - Distrito Grajau - SIMEC 065;
CEI Setor 3013 - Distrito Grajau - SIMEC 065;10,0%
CEI Setor 3014 - Distrito do Grajaú - SIMEC 013;
CEI Setor 3014 - Distrito do Grajaú - SIMEC 013;10,0%
CEI Setor 3015 - Distrito Grajaú - SIMEC 061;
CEI Setor 3015 - Distrito Grajaú - SIMEC 061;10,0%
CEI setor 3303 - Distrito Iguatemi;
CEI setor 3303 - Distrito Iguatemi;5,0%
CEI Setor 3304 - Distrito Iguatemi - SIMEC 024;
CEI Setor 3304 - Distrito Iguatemi - SIMEC 024;10,0%
CEI setor 3304 II - Distrito Iguatemi;
CEI setor 3304 II - Distrito Iguatemi;5,0%
CEI setor 3304 III - Distrito Iguatemi;
CEI setor 3304 III - Distrito Iguatemi;5,0%
CEI setor 3304 IV - Distrito Iguatemi;
CEI setor 3304 IV - Distrito Iguatemi;5,0%
CEI Setor 3305 - Distrito Iguatemi 086;
CEI Setor 3305 - Distrito Iguatemi 086;10,0%
CEI setor 3306 - Distrito Iguatemi;
CEI setor 3306 - Distrito Iguatemi;5,0%
CEI Setor 3307 - Distrito Iguatemi - SIMEC 045;
CEI Setor 3307 - Distrito Iguatemi - SIMEC 045;10,0%
CEI setor 3307 I - Distrito Iguatemi;
CEI setor 3307 I - Distrito Iguatemi;5,0%
CEI Setor 3610 - Distrito Itaim Paulista - SIMEC 063;
CEI Setor 3610 - Distrito Itaim Paulista - SIMEC 063;15,0%
CEI Setor  3610 II - Distrito Itaim Paulista - SIMEC 047;
CEI Setor  3610 II - Distrito Itaim Paulista - SIMEC 047;15,0%
CEI Setor 3703 - Distrito Itaquera - SIMEC 067;
CEI Setor 3703 - Distrito Itaquera - SIMEC 067;10,0%
CEI Setor 3705 - Distrito Itaquera - SIMEC 068;
CEI Setor 3705 - Distrito Itaquera - SIMEC 068;10,0%
CEI setor 3806 II - JABAQUARA;
CEI setor 3806 II - JABAQUARA;10,0%
CEI setor 3806  - JABAQUARA;
CEI setor 3806  - JABAQUARA;10,0%
CEI Setor 3903 - Distrito Jacana - SIMEC  074;
CEI Setor 3903 - Distrito Jacana - SIMEC  074;10,0%
CEI setor 4201 - Distrito Jaraguá;
CEI setor 4201 - Distrito Jaraguá;5,0%
CEI Setor 4203 - Distrito Jaraguá - SIMEC 029;
CEI Setor 4203 - Distrito Jaraguá - SIMEC 029;15,0%
CEI setor 4205 II - Distrito Jaraguá;
CEI setor 4205 II - Distrito Jaraguá;15,0%
CEI Setor 4205 III - Distrito Jaragua - SIMEC 073;
CEI Setor 4205 III - Distrito Jaragua - SIMEC 073;10,0%
CEI setor 4205 IV - Distrito Jaraguá;
CEI setor 4205 IV - Distrito Jaraguá;15,0%
CEI Setor 4208 II - Distrito Jaraguá - SIMEC  021;
CEI Setor 4208 II - Distrito Jaraguá - SIMEC  021;10,0%
CEI setor 4301 - JARDIM ANGELA;
CEI setor 4301 - JARDIM ANGELA;10,0%
CEI Setor 4304 III - Distrito Jardim Angela - SIMEC 050;
CEI Setor 4304 III - Distrito Jardim Angela - SIMEC 050;10,0%
CEI setor 4304 - JARDIM ANGELA;
CEI setor 4304 - JARDIM ANGELA;10,0%
CEI Setor 4305 - Distrito Jardim Angela - SIMEC 008;
CEI Setor 4305 - Distrito Jardim Angela - SIMEC 008;10,0%
CEI setor 4307 - JARDIM ANGELA;
CEI setor 4307 - JARDIM ANGELA;10,0%
CEI setor 4403 (Rua Muniz Falcão X Rua Dr. Francisco Tancredi) - JARDIM HELENA;
CEI setor 4403 (Rua Muniz Falcão X Rua Dr. Francisco Tancredi) - JARDIM HELENA;10,0%
CEI setor 4406 - JARDIM HELENA;
CEI setor 4406 - JARDIM HELENA;10,0%
CEI Setor 4601 - Distrito Jd S. Luis;
CEI Setor 4601 - Distrito Jd S. Luis;5,0%
CEI Setor 4601 - Distrito Jd S. Luis - SIMEC 009;
CEI Setor 4601 - Distrito Jd S. Luis - SIMEC 009;10,0%
CEI Setor 4602 II - Distrito Jd São Luis - SIMEC 035;
CEI Setor 4602 II - Distrito Jd São Luis - SIMEC 035;15,0%
CEI Setor 4603 - Distrito Jd São Luis - SIMEC 051;
CEI Setor 4603 - Distrito Jd São Luis - SIMEC 051;15,0%
CEI Setor 4703 - Distrito José Bonifácio - SIMEC 052;
CEI Setor 4703 - Distrito José Bonifácio - SIMEC 052;15,0%
CEI setor 4901 - Distrito Liberdade;
CEI setor 4901 - Distrito Liberdade;15,0%
CEI setor 4901 II - Distrito Liberdade;
CEI setor 4901 II - Distrito Liberdade;15,0%
CEI Setor 5404 - Distrito Morumbi - SIMEC 005;
CEI Setor 5404 - Distrito Morumbi - SIMEC 005;15,0%
CEI Setor 5505 - Distrito Parelheiros - SIMEC 069;
CEI Setor 5505 - Distrito Parelheiros - SIMEC 069;10,0%
CEI Setor 5506 - Distrito Parelheiros - SIMEC 071;
CEI Setor 5506 - Distrito Parelheiros - SIMEC 071;10,0%
CEI setor 5507 - PARELHEIROS;
CEI setor 5507 - PARELHEIROS;10,0%
CEI Setor 5702 - Distrito  Parque do Carmo - SIMEC 056;
CEI Setor 5702 - Distrito  Parque do Carmo - SIMEC 056;15,0%
CEI Setor 5802 - Distrito Pedreira - SIMEC 027;
CEI Setor 5802 - Distrito Pedreira - SIMEC 027;10,0%
CEI - Setor 6101 II - PERUS;
CEI - Setor 6101 II - PERUS;10,0%
CEI setor 6102 - PERUS;
CEI setor 6102 - PERUS;10,0%
CEI Setor 6304 - Distrito Pirituba - SIMEC  033;
CEI Setor 6304 - Distrito Pirituba - SIMEC  033;10,0%
CEI setor 6304 II  - PIRITUBA;
CEI setor 6304 II  - PIRITUBA;10,0%
CEI Setor 6402 - Distrito  Ponte Rasa - SIMEC 014;
CEI Setor 6402 - Distrito  Ponte Rasa - SIMEC 014;15,0%
CEI Setor 6501 - Distrito Raposo Tavares - SIMEC 006;
CEI Setor 6501 - Distrito Raposo Tavares - SIMEC 006;10,0%
CEI Setor 6505 - Distrito Raposo Tavares - SIMEC  060;
CEI Setor 6505 - Distrito Raposo Tavares - SIMEC  060;10,0%
CEI Setor 6702 - Distrito Rio Pequeno - SIMEC 003;
CEI Setor 6702 - Distrito Rio Pequeno - SIMEC 003;10,0%
CEI Setor 6703 - Distrito Rio Pequeno - SIMEC 001;
CEI Setor 6703 - Distrito Rio Pequeno - SIMEC 001;10,0%
CEI Setor 6704 - Distrito Rio Pequeno - SIMEC 007;
CEI Setor 6704 - Distrito Rio Pequeno - SIMEC 007;15,0%
CEI Setor 6801 II - Distrito Sacoma - SIMEC 072;
CEI Setor 6801 II - Distrito Sacoma - SIMEC 072;10,0%
CEI setor 6801 III - Distrito Sacomã;
CEI setor 6801 III - Distrito Sacomã;5,0%
CEI Setor 6801 IV - Distrito Sacomã;
CEI Setor 6801 IV - Distrito Sacomã;15,0%
CEI setor 6802 II - Distrito Sacomã;
CEI setor 6802 II - Distrito Sacomã;15,0%
CEI Setor 6803 - Distrito Sacoma - SIMEC 078;
CEI Setor 6803 - Distrito Sacoma - SIMEC 078;10,0%
CEI Setor 6803 - Distrito Sacoma - SIMEC 085;
CEI Setor 6803 - Distrito Sacoma - SIMEC 085;10,0%
CEI setor 6803 II - Distrito Sacomã;
CEI setor 6803 II - Distrito Sacomã;5,0%
CEI setor 7203 - SÃO LUCAS;
CEI setor 7203 - SÃO LUCAS;100,0%
CEI setor 7203 - SÃO LUCAS;80,0%
CEI setor 7301 - SÃO MATEUS;
CEI Setor 7301 - SÃO MATEUS;
CEI Setor 7301 - SÃO MATEUS;10,0%
CEI setor 7301 - SÃO MATEUS;100,0%
CEI Setor 7302 - Distrito São Mateus - SIMEC 077;
CEI Setor 7302 - Distrito São Mateus - SIMEC 077;10,0%
CEI setor 7305 - Distrito São Mateus;
CEI setor 7305 - Distrito São Mateus;5,0%
CEI setor 7501 - Distrito São Rafael;
CEI setor 7501 - Distrito São Rafael;5,0%
CEI Setor 7504 - Distrito São Rafael - SIMEC 028;
CEI Setor 7504 - Distrito São Rafael - SIMEC 028;15,0%
CEI setor 7505 II - Distrito São Rafael;
CEI setor 7505 II - Distrito São Rafael;15,0%
CEI setor 7505 III - Distrito São Rafael;
CEI setor 7505 III - Distrito São Rafael;15,0%
CEI setor 7505 IV - Distrito São Rafael;
CEI setor 7505 IV - Distrito São Rafael;5,0%
CEI - SETOR 7505 - JARDIM SANTO ANDRÉ I;
CEI - SETOR 7505 - JARDIM SANTO ANDRÉ I;100,0%
CEI setor 7508 - Distrito São Rafael;
CEI setor 7508 - Distrito São Rafael;5,0%
CEI Setor 7607 - Distrito Sapopemba - SIMEC 030;
CEI Setor 7607 - Distrito Sapopemba - SIMEC 030;10,0%
CEI setor 7801 II - Distrito Sé;
CEI setor 7801 II - Distrito Sé;15,0%
CEI Setor 8002 - Distrito  Tatuapé - SIMEC 018;
CEI Setor 8002 - Distrito  Tatuapé - SIMEC 018;15,0%
CEI Setor 8103 - Distrito Tremembe - SIMEC 081;
CEI Setor 8103 - Distrito Tremembe - SIMEC 081;10,0%
CEI Setor 8103 - Distrito Tremembe - SIMEC 084;
CEI Setor 8103 - Distrito Tremembe - SIMEC 084;10,0%
CEI setor 8103 - TREMEMBE;
CEI setor 8103 - TREMEMBE;10,0%
CEI Setor 8104 - Distrito Tremembe - SIMEC 080;
CEI Setor 8104 - Distrito Tremembe - SIMEC 080;10,0%
CEI setor 8104 - TREMEMBE;
CEI setor 8104 - TREMEMBE;10,0%
CEI Setor 8105 - Distrito Tremembe - SIMEC 083;
CEI Setor 8105 - Distrito Tremembe - SIMEC 083;10,0%
CEI setor 8105 II - TREMEMBE;
CEI setor 8105 II - TREMEMBE;10,0%
CEI setor 8105 - TREMEMBE;
CEI setor 8105 - TREMEMBE;10,0%
CEI Setor 8106 - Distrito Tremembe - SIMEC 075;
CEI Setor 8106 - Distrito Tremembe - SIMEC 075;10,0%
CEI Setor 8106 - Distrito Tremembe - SIMEC 082;
CEI Setor 8106 - Distrito Tremembe - SIMEC 082;10,0%
CEI Setor 8302 - Distrito V. Andrade - SIMEC 026;
CEI Setor 8302 - Distrito V. Andrade - SIMEC 026;15,0%
CEI Setor 8403 - Distrito  Vila Curuçá - SIMEC 040;
CEI Setor 8403 - Distrito  Vila Curuçá - SIMEC 040;15,0%
CEI Setor 8408 - Distrito V. Curuçá - SIMEC 053;
CEI Setor 8408 - Distrito V. Curuçá - SIMEC 053;100,0%
CEI Setor 8408 - Distrito V. Curuçá - SIMEC 053;5,0%
CEI Setor 8701 - Distrito V. Jacuí - SIMEC 064;
CEI Setor 8701 - Distrito V. Jacuí - SIMEC 064;15,0%
CEI Setor 8703 - Distrito  V. Jacuí - SIMEC 041;
CEI Setor 8703 - Distrito  V. Jacuí - SIMEC 041;15,0%
CEI Setor 8707 - Distrito  V. Jacuí - SIMEC 042;
CEI Setor 8707 - Distrito  V. Jacuí - SIMEC 042;15,0%
CEI setor 9101 - Distrito Vila Matilde;
CEI setor 9101 - Distrito Vila Matilde;5,0%
CEI setor 9105 - Distrito Vila Matilde;
CEI setor 9105 - Distrito Vila Matilde;15,0%
CEI setor 9401 (Jardim Jaqueline) - VILA SONIA;
CEI setor 9401 (Jardim Jaqueline) - VILA SONIA;10,0%
CEI Setor 9403 - Distrito V Sonia - SIMEC 004;
CEI Setor 9403 - Distrito V Sonia - SIMEC 004;10,0%
CEI Setor 9404 - Distrito Vila Sonia - SIMEC 002;
CEI Setor 9404 - Distrito Vila Sonia - SIMEC 002;10,0%
CEI - Tiquira - JARDIM ANGELA;
CEI - Tiquira - JARDIM ANGELA;50,0%
CEI - VILA CLARICE - PIRITUBA;
CEI - VILA CLARICE - PIRITUBA;100,0%
CEI - Vila Silvia I - CANGAIBA;
CEI - Vila Silvia I - CANGAIBA;100,0%
CEMEI José Bonifácio - Distrito Itaquera - SIMEC 099;
CEMEI José Bonifácio - Distrito Itaquera - SIMEC 099;15,0%
CEMEI Setor 2308 - Distrito Cidade Dutra - SIMEC 015;
CEMEI Setor 2308 - Distrito Cidade Dutra - SIMEC 015;10,0%
CEMEI setor 2309 (Av. Orfeu Paravente X Rua Royan) - CIDADE DUTRA;5,0%
CEMEI Setor 4603 - Distrito Jd São Luis - SIMEC 054;
CEMEI Setor 4603 - Distrito Jd São Luis - SIMEC 054;15,0%
CEMEI Setor 5805 - Distrito  Pedreira - SIMEC 022;
CEMEI Setor 5805 - Distrito  Pedreira - SIMEC 022;15,0%
CEMEI Setor 8505 - Distrito  Vila Formosa - SIMEC 016;
CEMEI Setor 8505 - Distrito  Vila Formosa - SIMEC 016;10,0%
CEMEI Setor 9608 (Jambeiro) - Distrito do Lajeado - SIMEC 019;
CEMEI Setor 9608 (Jambeiro) - Distrito do Lajeado - SIMEC 019;15,0%
Central de Compostagem - Aterro Bandeirantes;
Central de Compostagem - Aterro Bandeirantes;10,0%
Central de Compostagem - Aterro São João;
Central de Compostagem - Aterro São João;10,0%
Central de Compostagem III;
Central de Compostagem III;0,0%
Central de Compostagem IV;
Central de Compostagem IV;0,0%
Central de Processamento da Coleta Seletiva - Orgânicos - Santo Amaro  Ecoparque - Biodigestão - Santo Amaro;
Central de Processamento da Coleta Seletiva - Orgânicos - Santo Amaro  Ecoparque - Biodigestão - Santo Amaro;97,5%
Central de Processamento da Coleta Seletiva - Secos - Bom Retiro;
Central de Processamento da Coleta Seletiva - Secos - Bom retiro;97,5%
Central de Processamento da Coleta Seletiva - Secos - Bom Retiro;97,5%
Central de Processamento da Coleta Seletiva - Secos - São Mateus  Central de Processamento da Coleta Seletiva -Orgânicos - São Mateus  e Ecoparque - Biodigestão - São Mateus   ;
Central de Processamento da Coleta Seletiva - Secos - São Mateus  Central de Processamento da Coleta Seletiva -Orgânicos - São Mateus  e Ecoparque - Biodigestão - São Mateus   ;15,0%
Central de Processamento da Coleta Seletiva - Secos - São Mateus  Central de Processamento da Coleta Seletiva -Orgânicos - São Mateus  e Ecoparque - Biodigestão - São Mateus;15,0%
Central de Triagem;
Central de Triagem;0,0%
Centro Cultural de Itaquera;
Centro Cultural de Itaquera;20,0%
Centro Cultural do M' Boi Mirim;
Centro Cultural do M' Boi Mirim;15,0%
Centro Cultural do M' Boi Mirim;25,0%
Centro de Iniciação Esportiva - Campo Limpo;
Centro de Iniciação Esportiva - Campo Limpo;20,0%
Centro de Iniciação Esportiva - Freguesia/Brasilândia;
Centro de Iniciação Esportiva - Freguesia/Brasilândia;20,0%
Centro de Iniciação Esportiva - Guaianases;
Centro de Iniciação Esportiva - Guaianases;20,0%
Centro de Iniciação Esportiva - Jaguaré;
Centro de Iniciação Esportiva - Jaguaré;20,0%
Centro de Iniciação Esportiva - Vila Prudente;
Centro de Iniciação Esportiva - Vila Prudente;20,0%
Centro de Referência em Segurança Alimentar e Nutricional - M'Boi Mirim;
Centro de Referência em Segurança Alimentar e Nutricional - M'Boi Mirim;5,0%
Centro de Referência em Segurança Alimentar e Nutricional - M'Boi Mirim;7,5%
Centro de Referência em Segurança Alimentar e Nutricional - Santana/Tucuruvi;
Centro de Referência em Segurança Alimentar e Nutricional - Santana/Tucuruvi;5,0%
Centro de Referência em Segurança Alimentar e Nutricional - Santo Amaro;
Centro de Referência em Segurança Alimentar e Nutricional - Santo Amaro;5,0%
Centro de Referência em Segurança Alimentar e Nutricional - São Mateus;
Centro de Referência em Segurança Alimentar e Nutricional - São Mateus;5,0%
Centro de Referência em Segurança Alimentar e Nutricional - Vila Maria;80,0%
Centro Especializado de Reabilitação 10 (CER IV Butantã com Oficina Ortopédica);
Centro Especializado de Reabilitação 10 (CER IV Butantã com Oficina Ortopédica);17,5%
Centro Especializado de Reabilitação 10 (CER IV Butantã com Oficina Ortopédica);5,0%
Centro Especializado de Reabilitação 1 (CER IV Santo Amaro com Ofina Ortopédica);
Centro Especializado de Reabilitação 1 (CER IV Santo Amaro com Ofina Ortopédica);17,5%
Centro Especializado de Reabilitação 1 (CER IV Santo Amaro com Ofina Ortopédica);5,0%
Centro Especializado de Reabilitação 2 (CER IV Pirituba);
Centro Especializado de Reabilitação 2 (CER IV Pirituba);17,5%
Centro Especializado de Reabilitação 2 (CER IV Pirituba);5,0%
Centro Especializado de Reabilitação 3 (CER IV Casa Verde com Oficina Ortopédica);
Centro Especializado de Reabilitação 3 (CER IV Casa Verde com Oficina Ortopédica);17,5%
Centro Especializado de Reabilitação 3 (CER IV Casa Verde com Oficina Ortopédica);5,0%
Centro Especializado de Reabilitação 4 (CER IV Vila Mariana);
Centro Especializado de Reabilitação 4 (CER IV Vila Mariana);5,0%
Centro Especializado de Reabilitação 5 (CER IV Cidade Tiradentes);
Centro Especializado de Reabilitação 5 (CER IV Cidade Tiradentes);17,5%
Centro Especializado de Reabilitação 5 (CER IV Cidade Tiradentes);5,0%
Centro Especializado de Reabilitação 6 (CER IV Mooca com Oficina Ortopédica);
Centro Especializado de Reabilitação 6 (CER IV Mooca com Oficina Ortopédica);17,5%
Centro Especializado de Reabilitação 6 (CER IV Mooca com Oficina Ortopédica);5,0%
Centro Especializado de Reabilitação 7 (CER IV São Mateus);
Centro Especializado de Reabilitação 7 (CER IV São Mateus);17,5%
Centro Especializado de Reabilitação 7 (CER IV São Mateus);5,0%
Centro Especializado de Reabilitação 8 (CER IV Ermelino Matarazzo);
Centro Especializado de Reabilitação 8 (CER IV Ermelino Matarazzo);5,0%
Centro Especializado de Reabilitação 8 (CER IV Ermelino Matarazzo);7,5%
Centro Especializado de Reabilitação 9 (CER IV Itaquera com Oficina Ortopédica);
Centro Especializado de Reabilitação 9 (CER IV Itaquera com Oficina Ortopédica);17,5%
Centro Especializado de Reabilitação 9 (CER IV Itaquera com Oficina Ortopédica);5,0%
Centro Olimpico de Iniciação e Formação (Zona Leste);
Centro Olimpico de Iniciação e Formação (Zona Leste);15,0%
Centro Olimpico de Iniciação e Formação (Zona Leste);20,0%
CEU 11;
CEU 11;0,0%
CEU 12;
CEU 12;0,0%
CEU 13;
CEU 13;0,0%
CEU 14;
CEU 14;0,0%
CEU 15;
CEU 15;0,0%
CEU 16;
CEU 16;0,0%
CEU 17;
CEU 17;0,0%
CEU 18;
CEU 18;0,0%
CEU 19;
CEU 19;0,0%
CEU 20;
CEU 20;0,0%
CEU ARTUR ALVIM (PADRE JOSÉ DE ANCHIETA);
CEU ARTUR ALVIM (PADRE JOSÉ DE ANCHIETA);17,5%
CEU FREGUESIA DO Ó;
CEU FREGUESIA DO Ó;17,5%
CEU HELIÓPOLIS;
CEU HELIÓPOLIS;17,5%
CEU HELIÓPOLIS;80,0%
CEU MOÓCA;
CEU MOÓCA;17,5%
CEU PARQUE DO CARMO;
CEU PARQUE DO CARMO;17,5%
CEU SANTO AMARO;
CEU SANTO AMARO;17,5%
CEU SÃO MIGUEL (TIDE SETÚBAL);
CEU SÃO MIGUEL (TIDE SETÚBAL);17,5%
CEU SÃO PEDRO (GUAIANASES);
CEU SÃO PEDRO (GUAIANASES);17,5%
CEU TATUAPÉ;
CEU TATUAPÉ;17,5%
CEU VILA ALPINA;
CEU VILA ALPINA;17,5%
C.H. São Miguel D/E-Rua Oito - ITAIM PAULISTA;
C.H. São Miguel D/E-Rua Oito - ITAIM PAULISTA;80,0%
Ciclovia Conjunto José Bonifácio - 2,4 km;
Ciclovia Conjunto José Bonifácio - 2,4 km;20,0%
Ciclovia Cruzeiro do Sul – 0,7 km;
Ciclovia Cruzeiro do Sul – 0,7 km;50,0%
Ciclovia Eixo Eliseu de Almeida / Metrô Butantã - 1,4 km;
Ciclovia Eixo Eliseu de Almeida / Metrô Butantã - 1,4 km;50,0%
Ciclovia Jabaquara (Metrô - Centro de Exposições) - 1,8 km;
Ciclovia Jabaquara (Metrô - Centro de Exposições) - 1,8 km;20,0%
Ciclovia Ligação Jardim Helena/Itaquera - Complemento Fase 1 com 3,5 km;
Ciclovia Ligação Jardim Helena/Itaquera - Complemento Fase 1 com 3,5 km;20,0%
Ciclovia Ligação Jardim Helena/Itaquera - Fase 1 com 14,9 km;
Ciclovia Ligação Jardim Helena/Itaquera - Fase 1 com 14,9 km;50,0%
Ciclovia na Avenida Escola Politécnica - 1,6 km;12,5%
Ciclovia na Avenida Escola Politécnica - Trecho 1 com 1,6 km;
Ciclovia na Avenida Escola Politécnica - Trecho 1 com 1,6 km;12,5%
Ciclovia Operação Urbana Faria Lima - 12 km;
Ciclovia Operação Urbana Faria Lima - 12 km;20,0%
Ciclovia Operação Urbana Faria Lima - 12 km;50,0%
Ciclovia Polo de Parelheiros   - 27 km ;50,0%
Ciclovia Polo de Parelheiros   - 27 km;50,0%
Ciclovia Polo de Parelheiros - Fase 1 com 4 km ;
Ciclovia Polo de Parelheiros - Fase 1 com 4 km ;50,0%
Ciclovia Polo de Parelheiros - Fase 2 - 23 km;
Ciclovia Polo de Parelheiros - Fase 2 - 23 km;12,5%
Conselho Tutelar Modelo em Itaquera;
Conselho Tutelar Modelo em Itaquera;10,0%
Conselho Tutelar Modelo em Itaquera;15,0%
CRAS - Artur Alvim;
CRAS - Artur Alvim;17,5%
CRAS - Cidade Dutra;
CRAS - Cidade Dutra;10,0%
CRAS - Cidade Dutra;15,0%
CRAS - Freguesia do ó;
CRAS - Freguesia do ó;17,5%
CRAS - Grajaú I;
CRAS - Grajaú I;10,0%
CRAS - Grajaú I;15,0%
CRAS - Grajaú II;
CRAS - Grajaú II;10,0%
CRAS - Grajaú II;15,0%
CRAS - Grajaú III;
CRAS - Grajaú III;10,0%
CRAS - Grajaú III;15,0%
CRAS - Grajaú IV;
CRAS - Grajaú IV;10,0%
CRAS - Grajaú IV;15,0%
CRAS - Jaraguá I;
CRAS - Jaraguá I;15,0%
CRAS - Jd. Ângela I;
CRAS - Jd. Ângela I;10,0%
CRAS - Jd. Ângela I;15,0%
CRAS - Jd. Ângela II;
CRAS - Jd. Ângela II;10,0%
CRAS - Jd. Ângela II;15,0%
CRAS - Jd. Ângela III;
CRAS - Jd. Ângela III;10,0%
CRAS - Jd. Ângela III;15,0%
CRAS - Jd. São luiz;
CRAS - Jd. São luiz;10,0%
CRAS - Jd. São luiz;15,0%
CRAS - José Bonifácio I;
CRAS - José Bonifácio I;10,0%
CRAS - José Bonifácio I;15,0%
CRAS - José Bonifácio II;
CRAS - José Bonifácio II;17,5%
CRAS - Mooca II;
CRAS - Mooca II;15,0%
CRAS - Parelheiros;
CRAS - Parelheiros;10,0%
CRAS - Parelheiros;15,0%
CRAS - Parque do carmo;
CRAS - Parque do carmo;17,5%
CRAS - Pedreira;
CRAS - Pedreira;10,0%
CRAS - Pedreira;15,0%
CRAS - Santo Amaro;
CRAS - Santo Amaro;17,5%
CRAS - São Miguel;
CRAS - São Miguel;17,5%
CRAS - São Rafael;
CRAS - São Rafael;10,0%
CRAS - São Rafael;15,0%
CRAS - Sapopemba;
CRAS - Sapopemba;15,0%
CRAS - Tatuapé;
CRAS - Tatuapé;17,5%
CRAS - Tremembé I;
CRAS - Tremembé I;15,0%
CRAS - Vila Maria;
CRAS - Vila Maria;17,5%
CRAS - Vila Prudente;
CRAS - Vila Prudente;17,5%
CREAS 1 - em área do Programa de Mananciais;
CREAS 1 - em área do Programa de Mananciais;10,0%
CREAS 1 - em área do Programa de Mananciais;5,0%
CREAS 1 - em área do Programa Minha Casa Minha Vida;10,0%
CREAS 2 - em área do Programa Minha Casa Minha Vida;
CREAS 2 - em área do Programa Minha Casa Minha Vida;10,0%
CREAS 3;
CREAS 3;5,0%
Ecoponto Água Rasa;
Ecoponto Água Rasa;100,0%
Ecoponto Alto de Pinheiros;
Ecoponto Alto de Pinheiros;100,0%
Ecoponto Bandeirantes;100,0%
Ecoponto Belém;
Ecoponto Belém;100,0%
Ecoponto Beleza;
Ecoponto Beleza;100,0%
Ecoponto Caraguata;
Ecoponto Caraguata;30,0%
Ecoponto Caraguata;35,0%
Ecoponto Caraguata;57,5%
Ecoponto Cavalcanti;
Ecoponto Cavalcanti;30,0%
Ecoponto Cavalcanti;35,0%
Ecoponto Cidade Sustentável;
Ecoponto Cidade Sustentável;100,0%
Ecoponto Comandante Taylor;
Ecoponto Comandante Taylor;20,0%
Ecoponto Comandante Taylor;25,0%
Ecoponto Franquinho;
Ecoponto Franquinho;100,0%
Ecoponto Freguesia do Ó;
Ecoponto Freguesia do Ó;100,0%
Ecoponto Giovani Gronchi;
Ecoponto Giovani Gronchi;100,0%
Ecoponto Guaiaponto;
Ecoponto Guaiaponto;62,5%
Ecoponto Guaiaponto;97,5%
Ecoponto Itaqueruna;
Ecoponto Itaqueruna;100,0%
Ecoponto Jardim Antártica;
Ecoponto Jardim Antártica;30,0%
Ecoponto Jardim Antártica;35,0%
Ecoponto Jardim Antártica;57,5%
Ecoponto Jardim Jaqueline;
Ecoponto Jardim Jaqueline;100,0%
Ecoponto Jardim Santa Fé;
Ecoponto Jardim Santa Fé;100,0%
Ecoponto Mãe Preta ;
Ecoponto Mãe Preta;30,0%
Ecoponto Mãe Preta ;35,0%
Ecoponto Mãe Preta ;57,5%
Ecoponto Montalvania;
Ecoponto Montalvania;30,0%
Ecoponto Montalvania;35,0%
Ecoponto Montalvania;57,5%
Ecoponto Nova York;
Ecoponto Nova York;97,5%
Ecoponto Olinda;
Ecoponto Olinda;100,0%
Ecoponto Oswaldo Valle Cordeiro;
Ecoponto Oswaldo Valle Cordeiro;100,0%
Ecoponto Parque do Carmo;
Ecoponto Parque do Carmo;30,0%
Ecoponto Parque do Carmo;35,0%
Ecoponto Parque do Carmo;57,5%
Ecoponto Politécnica;
Ecoponto Politécnica;100,0%
Ecoponto Saioa;
Ecoponto Saioa;30,0%
Ecoponto Saioa;35,0%
Ecoponto Saioa;57,5%
Ecoponto Santana;
Ecoponto Santana;20,0%
Ecoponto Santana;25,0%
Ecoponto Tucuruvi;
Ecoponto Tucuruvi;100,0%
Ecoponto Vila das  Mercês;
Ecoponto Vila das  Mercês;30,0%
Ecoponto Vila das  Mercês;35,0%
Ecoponto Vila das  Mercês;57,5%
Ecoponto Vila Jaguará;
Ecoponto Vila Jaguará;100,0%
Ecoponto  Vila Luisa;
Ecoponto  Vila Luisa;100,0%
Ecoponto Vila Maria;
Ecoponto Vila Maria;100,0%
Ecoponto Vila Mariana;
Ecoponto Vila Mariana;30,0%
Ecoponto Vila Mariana;35,0%
Ecoponto Vila Mariana;57,5%
Ecoponto Vila Matilde;100,0%
Ecoponto Vila Rica;
Ecoponto Vila Rica;30,0%
Ecoponto Vila Rica;35,0%
Ecoponto Vila Rica;57,5%
EMEI - ALDO GIANNINI, ENG. - VILA JACUI;100,0%
EMEI - ALFAZEMAS - PONTE RASA;100,0%
EMEI - ANA MARCHIONE SALLES, PROFA. - PONTE RASA;5,0%
EMEI - Campo Limpo VI - Setor 1701 (Rua Domingos de Goes) - CAMPO LIMPO;80,0%
EMEI - CAPAO REDONDO III - Setor 1904 (Rua Comendador Sant'Anna) - CAPAO REDONDO;80,0%
EMEI - CDHU GUAIANAZES B - JOSE BONIFACIO;100,0%
EMEI - CDHU GUAIANAZES B - JOSE BONIFACIO;97,5%
EMEI - CDHU ITAIM A - ITAIM PAULISTA;100,0%
EMEI - CHACARA JOCKEY - VILA SONIA;5,0%
EMEI - CONJ HABITACIONAL JACUÍ A - VILA JACUI;10,0%
EMEI - Estrada do Corredor - JARAGUA;100,0%
EMEI - FIGUEIRA GRANDE - JARDIM SÃO LUIS;80,0%
EMEI - GEORGE SAVALLA GOMES - CAREQUINHA - CAPAO REDONDO;100,0%
EMEI - GEORGE SAVALLA GOMES - CAREQUINHA - CAPAO REDONDO;80,0%
EMEI - ISOLINA LEONEL FERREIRA, PROFA. - SACOMA;100,0%
EMEI - JARDIM DIONISIO - JARDIM ANGELA;10,0%
EMEI - JARDIM DOS REIS I - JARDIM ANGELA;100,0%
EMEI - JARDIM JAQUELINE - VILA SONIA;5,0%
EMEI - JARDIM KAGOHARA - JARDIM ANGELA;80,0%
EMEI - JARDIM SANTA TEREZA - BRASILANDIA;100,0%
EMEI - PARAISOPOLIS - TERRENO 4 - VILA ANDRADE;5,0%
EMEI - PARQUE BOULOGNE - JARDIM ANGELA;37,5%
EMEI - PARQUE DAS NACOES II - JARAGUA;100,0%
EMEI - PARQUE DAS NACOES II - JARAGUA;97,5%
EMEI - PARQUE SANTO ANTONIO - JARDIM SÃO LUIS;80,0%
EMEI - PERATUBA I (Setor 4309) - JARDIM ANGELA;80,0%
EMEI - PERIMETRAL II - VILA ANDRADE;37,5%
EMEI - Porto Nacional - BRASILANDIA;100,0%
EMEI setor 1302 (Rua Luiz Macário de Castro) - CACHOEIRINHA;12,5%
EMEI setor 1604 (Av. Zike Tuma) - CAMPO GRANDE;100,0%
EMEI setor 1604 (Av. Zike Tuma) - CAMPO GRANDE;80,0%
EMEI setor 1702 (Estrada do Campo Limpo) - CAMPO LIMPO;5,0%
EMEI setor 1706 (Estrada Pirajussara) - CAMPO LIMPO;12,5%
EMEI setor 1905 (Travessa Passareira) - CAPÃO REDONDO;37,5%
EMEI setor 1906 (Rua Andorinha dos Beirais) - CAPAO REDONDO;37,5%
EMEI setor 1907 (Rua das Perobeiras) - CAPAO REDONDO;5,0%
EMEI setor 2203 (Rua São João da Boa Vista X Rua Edith Mason X Rua Maria de Rohan) - CIDADE ADEMAR;5,0%
EMEI setor 2205 II (Rua Angelo Cristianini X Rua Estrela Solitária) - CIDADE ADEMAR;5,0%
EMEI setor 2205 (Rua Marta Brunet X Rua Lorenzo Marilins) - CIDADE ADEMAR;5,0%
EMEI setor 2206 (Rua Padre Antônio de Gouveia) - CIDADE ADEMAR;5,0%
EMEI setor 2303 (Rua Marly Oliveira Cobra) - CIDADE DUTRA;5,0%
EMEI setor 2304 (Rua Nova Irlanda) - CIDADE DUTRA;5,0%
EMEI setor 2307 (Rua Frederico René de Jaegher) - CIDADE DUTRA;5,0%
EMEI setor 2308 (Jardim das Imbuias) - CIDADE DUTRA;5,0%
EMEI setor 2403 (Rua Jacinto Ferreira) - CIDADE LIDER;5,0%
EMEI setor 2502 (Rua Sonata ao Luar) - CIDADE TIRADENTES;5,0%
EMEI setor 2505 (Rua dos Texteis X Rua São Valfredo) - CIDADE TIRADENTES;80,0%
EMEI setor 2901 (Rua Francisco de Paula Bonilha X Rua Pedro Velasca) - FREGUESIA DO O;5,0%
EMEI setor 3001 (Rua Domingos Rinaldelli) - GRAJAU;5,0%
EMEI setor 3005 (Rua Dr. Leão de Araújo Novaes x Rua Haroldo Nogueira) - GRAJAU;5,0%
EMEI setor 3006 (Rua Tres Coracoes) - GRAJAU;5,0%
EMEI setor 3008 (Estrada do Barro Branco com Rua Nelia Andre) - GRAJAU;5,0%
EMEI setor 3010 (Rua Dona Belmira Marin) - GRAJAU;5,0%
EMEI setor 3012 (Travessa Pau Santo X Travessa Jameleiro) - GRAJAU;5,0%
EMEI setor 3607 (Rua Jorge dos Santos X Av. Marechal Tito) - ITAIM PAULISTA;5,0%
EMEI setor 3801 (Rua Alberto Sampaio) - JABAQUARA;5,0%
EMEI setor 3806 (Rua João Xavier de Matos X Rua das Vitaceas) - JABAQUARA;5,0%
EMEI setor 4304 (Estrada Guavirituba, 797) - JARDIM ANGELA;5,0%
EMEI setor 4307 (Rua Abutuí) - JARDIM ANGELA;5,0%
EMEI setor 5504 (Rua Sadamu Inoue) - PARELHEIROS;5,0%
EMEI setor 5803 (Rua dos Abiquaras) - PEDREIRA;5,0%
EMEI - SETOR 7505 - JARDIM SANTO ANDRÉ;100,0%
EMEI setor 7601 (Rua Cristovão Jaques) - SAPOPEMBA;5,0%
EMEI setor 8103 (Rua Kotinda X Rua Cachoeira) - TREMEMBE;5,0%
EMEI setor 8104 (Rua dos Sabias da Cantareira) - TREMEMBE;5,0%
EMEI setor 9601 (Rua Gaspar Barbosa) - LAJEADO;5,0%
EMEI setor 9603 (Rua Tibúrcio de Sousa esquina com Francisco Souto Maior) - LAJEADO;5,0%
EMEI setor 9605 (Rua Rio Maturaca) - LAJEADO;5,0%
EMEI - VILA CALU - JARDIM ANGELA;100,0%
EMEI - VILA NATAL - GRAJAU;100,0%
Equipamento cultural 11;
Equipamento cultural 11;0,0%
Equipamento cultural 12;
Equipamento cultural 12;0,0%
Equipamento cultural 13;
Equipamento cultural 13;0,0%
Equipamento cultural 14;
Equipamento cultural 14;0,0%
Equipamento cultural 15;
Equipamento cultural 15;0,0%
Equipamento cultural 16;
Equipamento cultural 16;0,0%
Equipamento cultural - Edifício da Antiga Sociedade Philarmônica Alemã Lyra;
Equipamento cultural - Edifício da Antiga Sociedade Philarmônica Alemã Lyra;15,0%
Equipamento cultural - Sacolão das Artes;
Equipamento cultural - Sacolão das Artes;15,0%
Hospital Municipal - Brasilândia;
Hospital Municipal - Brasilândia;32,5%
Hospital Municipal - Parelheiros;
Hospital Municipal - Parelheiros;32,5%
Instituição de Longa Permanência para Idosos - ILPI Parelheiros;
Instituição de Longa Permanência para Idosos - ILPI Parelheiros;10,0%
Instituição de Longa Permanência para Idosos - ILPI Parelheiros;5,0%
Instituição de Longa Permanência para Idosos - ILPI Vila Mariana;
Instituição de Longa Permanência para Idosos - ILPI Vila Mariana;0,0%
Instituição de Longa Permanência para Idosos - ILPI Vila Prudente;
Instituição de Longa Permanência para Idosos - ILPI Vila Prudente;0,0%
José Pereira da Cruz CDHU Sitio Caraguata - SACOMA;
José Pereira da Cruz CDHU Sitio Caraguata - SACOMA;10,0%
Novo Hospital Municipal (em substituição ao Hospital Municipal Alexandre Zaio);
Novo Hospital Municipal (em substituição ao Hospital Municipal Alexandre Zaio);32,5%
Parque de Esportes Radicais;
Parque de Esportes Radicais;15,0%
Parque de Esportes Radicais;20,0%
Parque Técnológico da Zona Leste;
Parque Técnológico da Zona Leste;20,0%
Rede Cicloviária da Zona Norte - Fase 1 (Jaçanã, Vila Medeiros, Tucuruvi) - 16 km;
Rede Cicloviária da Zona Norte - Fase 1 (Jaçanã, Vila Medeiros, Tucuruvi) - 16 km;20,0%
Rede Cicloviária do Centro Expandido - 24 km;
Rede Cicloviária do Centro Expandido - 24 km;10,0%
Rede Cicloviária Polo Turístico Parelheiros - 33 km;10,0%
Rede Cicloviária Polo Turístico Parelheiros - Fase 3 com 33 km;
Rede Cicloviária Polo Turístico Parelheiros - Fase 3 com 33 km;10,0%
Rede Cicloviária Zona Sul - Fase 1 (Grajaú) - 9 km;
Rede Cicloviária Zona Sul - Fase 1 (Grajaú) - 9 km;20,0%
TERMINAL ITAQUERA;
TERMINAL ITAQUERA;47,5%
TERMINAL NOVO JARDIM ÂNGELA;
TERMINAL NOVO JARDIM ÂNGELA;12,5%
TERMINAL NOVO JARDIM ÂNGELA;22,5%
TERMINAL NOVO PARELHEIROS;
TERMINAL NOVO PARELHEIROS;12,5%
TERMINAL NOVO PARELHEIROS;30,0%
TERMINAL PERUS;
TERMINAL PERUS;12,5%
TERMINAL PERUS;30,0%
UBS D. Belmira Marin (UBS Conj. Faria Lima);32,5%
UBS Integral Arlindo Bettio;
UBS Integral Arlindo Bettio;32,5%
UBS Integral Bom Retiro;
UBS Integral Bom Retiro;25,0%
UBS Integral Brasilandia III;
UBS Integral Brasilandia III;32,5%
UBS Integral Brasilandia IV;
UBS Integral Brasilandia IV;32,5%
UBS Integral Cambucí;
UBS Integral Cambucí;15,0%
UBS Integral Cantinho do Céu "Mananciais";
UBS Integral Cantinho do Céu "Mananciais";27,5%
UBS Integral Cel. Bento Bicudo;
UBS Integral Cel. Bento Bicudo;30,0%
UBS Integral Cidade Nova São Miguel / Sacolão PÚBLICA;
UBS Integral Cidade Nova São Miguel / Sacolão PÚBLICA;32,5%
UBS Integral Complexo Prates;
UBS Integral Complexo Prates;32,5%
UBS Integral Conjunto Faria Lima;
UBS Integral Conjunto Faria Lima;10,0%
UBS Integral Ebanos;
UBS Integral Ebanos;32,5%
UBS Integral Encosta II;
UBS Integral Encosta II;32,5%
UBS Integral Engenheiro Alberto Meyer;
UBS Integral Engenheiro Alberto Meyer;30,0%
UBS Integral Estrada das Cachoeiras;
UBS Integral Estrada das Cachoeiras;30,0%
UBS Integral Jardim Antártica;
UBS Integral Jardim Antártica;25,0%
UBS Integral Jardim Apuanã;
UBS Integral Jardim Apuanã;25,0%
UBS Integral Jardim Cabuçú;
UBS Integral Jardim Cabuçú;20,0%
UBS Integral Jardim Cibele;
UBS Integral Jardim Cibele;15,0%
UBS Integral Jardim dos Álamos;
UBS Integral Jardim dos Álamos;15,0%
UBS Integral Jardim Edith;
UBS Integral Jardim Edith;100,0%
UBS Integral Jardim Eliane II;
UBS Integral Jardim Eliane II;32,5%
UBS Integral Jardim Eliane II Particular;32,5%
UBS Integral Jardim Elisa Maria;
UBS Integral Jardim Elisa Maria;10,0%
UBS Integral Jardim Elisa Maria;15,0%
UBS Integral Jardim Fontalis;
UBS Integral Jardim Fontalis;32,5%
UBS Integral Jardim Guanhembu;
UBS Integral Jardim Guanhembu;10,0%
UBS Integral Jardim Helena;
UBS Integral Jardim Helena;32,5%
UBS Integral Jardim Helian;
UBS Integral Jardim Helian;32,5%
UBS Integral Jardim Julieta;
UBS Integral Jardim Julieta;32,5%
UBS Integral Jardim Mirian II;
UBS Integral Jardim Mirian II;100,0%
UBS Integral Jardim Orion;
UBS Integral Jardim Orion;27,5%
UBS Integral Jardim Orion;32,5%
UBS Integral Jardim Popular;
UBS Integral Jardim Popular;5,0%
UBS Integral Jardim Reimberg;
UBS Integral Jardim Reimberg;10,0%
UBS Integral Jardim São Bernardo;
UBS Integral Jardim São Bernardo;32,5%
UBS Integral Jardim São Carlos;30,0%
UBS Integral Jardim São Carlos Cesar Augusto Romano;
UBS Integral Jardim São Carlos Cesar Augusto Romano;30,0%
UBS Integral Jardim São Nicolau;
UBS Integral Jardim São Nicolau;25,0%
UBS Integral Jardim São Paulo;
UBS Integral Jardim São Paulo;10,0%
UBS Integral Jardim Seckler II;
UBS Integral Jardim Seckler II;30,0%
UBS Integral Jardim Vera Cruz;
UBS Integral Jardim Vera Cruz;100,0%
UBS Integral Jardim Vitória;
UBS Integral Jardim Vitória;5,0%
UBS Integral Jova Rural;
UBS Integral Jova Rural;30,0%
UBS Integral Kioto;
UBS Integral Kioto;15,0%
UBS Integral Limoeiro;
UBS Integral Limoeiro;17,5%
UBS Integral Limoeiro;22,5%
UBS Integral Malta Cardoso II;
UBS Integral Malta Cardoso II;32,5%
UBS Integral Manoel Fernandes Leão;
UBS Integral Manoel Fernandes Leão;30,0%
UBS Integral Maringá/Talarico;
UBS Integral Maringá/Talarico;100,0%
UBS Integral Morada do Sol II;
UBS Integral Morada do Sol II;32,5%
UBS Integral Nascer do Sol;
UBS Integral Nascer do Sol;32,5%
UBS Integral Palanque;
UBS Integral Palanque;27,5%
UBS Integral Palanque;32,5%
UBS Integral Parque das Flores;
UBS Integral Parque das Flores;32,5%
UBS Integral Parque das Nações Unidas;
UBS Integral Parque das Nações Unidas;30,0%
UBS Integral Pateo do Pari;
UBS Integral Pateo do Pari;5,0%
UBS Integral Primavera / Colorado;
UBS Integral Primavera / Colorado;32,5%
UBS Integral Pro Morar;
UBS Integral Pro Morar;27,5%
UBS Integral Pro Morar;32,5%
UBS Integral Sacolão das Artes;
UBS Integral Sacolão das Artes;15,0%
UBS Integral Sacomã II;
UBS Integral Sacomã II;22,5%
UBS Integral Santa Adelia;32,5%
UBS Integral Santa Efigênia;22,5%
UBS Integral São Vicente de Paula;
UBS Integral São Vicente de Paula;77,5%
UBS Integral São Vicente de Paula;80,0%
UBS Integral Sepetiba;
UBS Integral Sepetiba;32,5%
UBS Integral Vila da Paz "Mananciais";
UBS Integral Vila da Paz "Mananciais";27,5%
UBS Integral Vila Ema;
UBS Integral Vila Ema;32,5%
UBS Integral Vila Esperança;
UBS Integral Vila Esperança;32,5%
UBS Integral Vila Guarani II;
UBS Integral Vila Guarani II;32,5%
UBS Integral Vila Jaguaré;
UBS Integral Vila Jaguaré;5,0%
UBS Integral Vila Mariana;
UBS Integral Vila Mariana;5,0%
UBS Integral Vila Rubi;
UBS Integral Vila Rubi;32,5%
UBS Integral Vila Sonia II;
UBS Integral Vila Sonia II;30,0%
UBS Integral Vila Sonia III;
UBS Integral Vila Sonia III;10,0%
Unidade de Referência à Saúde do Idoso - URSI Butantã;
Unidade de Referência à Saúde do Idoso - URSI Butantã;10,0%
Unidade de Referência à Saúde do Idoso - URSI Butantã;5,0%
Unidade de Referência à Saúde do Idoso - URSI Campo Limpo;
Unidade de Referência à Saúde do Idoso - URSI Campo Limpo;10,0%
Unidade de Referência à Saúde do Idoso - URSI Campo Limpo;5,0%
Unidade de Referência à Saúde do Idoso - URSI Capela do Socorro;
Unidade de Referência à Saúde do Idoso - URSI Capela do Socorro;10,0%
Unidade de Referência à Saúde do Idoso - URSI Capela do Socorro;5,0%
Unidade de Referência à Saúde do Idoso - URSI Itaim Paulista;
Unidade de Referência à Saúde do Idoso - URSI Itaim Paulista;10,0%
Unidade de Referência à Saúde do Idoso - URSI Itaim Paulista;5,0%
Unidade de Referência à Saúde do Idoso - URSI Itaquera;
Unidade de Referência à Saúde do Idoso - URSI Itaquera;10,0%
Unidade de Referência à Saúde do Idoso - URSI Itaquera;5,0%
Unidade de Referência à Saúde do Idoso - URSI Pirituba;
Unidade de Referência à Saúde do Idoso - URSI Pirituba;10,0%
Unidade de Referência à Saúde do Idoso - URSI Pirituba;5,0%
Unidade de Referência à Saúde do Idoso - URSI São Mateus;
Unidade de Referência à Saúde do Idoso - URSI São Mateus;10,0%
Unidade de Referência à Saúde do Idoso - URSI São Mateus;5,0%
Unidade de Referência à Saúde do Idoso - URSI Vila Prudente;
Unidade de Referência à Saúde do Idoso - URSI Vila Prudente;10,0%
Unidade de Referência à Saúde do Idoso - URSI Vila Prudente;5,0%
UPA AMA Capão Redondo (serviço existente - construção nova);
UPA AMA Capão Redondo (serviço existente - construção nova);20,0%
UPA AMA Capão Redondo (serviço existente - construção nova);30,0%
UPA AMA Dr. Arthur Ribeiro Saboya -Jabaquara (serviço existente - construção nova);
UPA AMA Dr. Arthur Ribeiro Saboya -Jabaquara (serviço existente - construção nova);10,0%
UPA AMA Dr. Arthur Ribeiro Saboya -Jabaquara (serviço existente - construção nova);15,0%
UPA AMA Dr. Carmino Caricchio - Tatuapé (serviço existente - construção nova);
UPA AMA Dr. Carmino Caricchio - Tatuapé (serviço existente - construção nova);25,0%
UPA AMA Dr. Carmino Caricchio - Tatuapé (serviço existente - construção nova);30,0%
UPA AMA Dr. Ignácio Proença de Golveia - Mooca (serviço existente - construção nova);
UPA AMA Dr. Ignácio Proença de Golveia - Mooca (serviço existente - construção nova);17,5%
UPA AMA Dr. Ignácio Proença de Golveia - Mooca (serviço existente - construção nova);25,0%
UPA AMA Eng. Goulart José Pires - Cangaíba (serviço existente - construção nova);
UPA AMA Eng. Goulart José Pires - Cangaíba (serviço existente - construção nova);17,5%
UPA AMA Eng. Goulart José Pires - Cangaíba (serviço existente - construção nova);20,0%
UPA AMA Ermelino Matarazzo (serviço existente - construção nova);
UPA AMA Ermelino Matarazzo (serviço existente - construção nova);25,0%
UPA AMA Ermelino Matarazzo (serviço existente - construção nova);30,0%
UPA AMA José Soares Hungria - Pirituba (serviço existente - construção nova);
UPA AMA José Soares Hungria - Pirituba (serviço existente - construção nova);25,0%
UPA AMA José Soares Hungria - Pirituba (serviço existente - construção nova);30,0%
UPA AMA Parelheiros (serviço existente - construção nova);
UPA AMA Parelheiros (serviço existente - construção nova);25,0%
UPA AMA Parelheiros (serviço existente - construção nova);30,0%
UPA AMA Parque Anhanguera (serviço existente - construção nova);
UPA AMA Parque Anhanguera (serviço existente - construção nova);17,5%
UPA AMA Parque Anhanguera (serviço existente - construção nova);20,0%
UPA AMA Pires do Rio (Tito Lopes) (serviço existente - construção nova);
UPA AMA Pires do Rio (Tito Lopes) (serviço existente - construção nova);25,0%
UPA AMA Pires do Rio (Tito Lopes) (serviço existente - construção nova);30,0%
UPA AMA Sacomã (serviço existente - construção nova);
UPA AMA Sacomã (serviço existente - construção nova);15,0%
UPA AMA Sacomã (serviço existente - construção nova);20,0%
UPA City Jaraguá (construção nova);
UPA City Jaraguá (construção nova);15,0%
UPA Hospital das Clínicas - Pinheiros (construção nova);
UPA Hospital das Clínicas - Pinheiros (construção nova);20,0%
UPA Hospital das Clínicas - Pinheiros (construção nova);30,0%
UPA Hospital do Servidor Público Municipal - HSPM (construção nova);
UPA Hospital do Servidor Público Municipal - HSPM (construção nova);17,5%
UPA Hospital do Servidor Público Municipal - HSPM (construção nova);5,0%
UPA Hospital São Paulo  - Vila Mariana (construção nova);
UPA Hospital São Paulo  - Vila Mariana (construção nova);15,0%
UPA Hospital São Paulo  - Vila Mariana (construção nova);30,0%
UPA PA Municipal Dr. Atualpa Girão Rabelo (serviço existente - construção nova);
UPA PA Municipal Dr. Atualpa Girão Rabelo (serviço existente - construção nova);17,5%
UPA PA Municipal Gloria Rodrigues dos Santos Bonfim (serviço existente - construção nova);
UPA PA Municipal Gloria Rodrigues dos Santos Bonfim (serviço existente - construção nova);25,0%
UPA PA Municipal Gloria Rodrigues dos Santos Bonfim (serviço existente - construção nova);30,0%
UPA Pedreira (construção nova);
UPA Pedreira (construção nova);12,5%
UPA Prof. Waldomiro de Paula - Itaquera (serviço existente - construção nova);
UPA Prof. Waldomiro de Paula - Itaquera (serviço existente - construção nova);25,0%
UPA Prof. Waldomiro de Paula - Itaquera (serviço existente - construção nova);30,0%
UPA PS Municipal José Silvio de Camargo / Santo Amaro (serviço existente - construção nova);
UPA PS Municipal José Silvio de Camargo / Santo Amaro (serviço existente - construção nova);12,5%
UPA PS Municipal José Silvio de Camargo / Santo Amaro (serviço existente - construção nova);30,0%
UPA PS Municipal Perus;10,0%
UPA PS Municipal Perus (contrução nova);
UPA PS Municipal Perus (contrução nova);15,0%
UPA PS Municipal Prof. João Catarin Mezomo - Lapa (serviço existente - construção nova);
UPA PS Municipal Prof. João Catarin Mezomo - Lapa (serviço existente - construção nova);10,0%
UPA PS Municipal Prof. João Catarin Mezomo - Lapa (serviço existente - construção nova);15,0%
UPA Santa Casa de São Paulo;
UPA Santa Casa de São Paulo;5,0%
UPA Santa Marina;
UPA Santa Marina;10,0%
UPA São Jorge (construção nova);
UPA São Jorge (construção nova);17,5%
UPA São Luiz Gonzaga (construção nova);
UPA São Luiz Gonzaga (construção nova);25,0%
UPA São Luiz Gonzaga (construção nova);30,0%
UPA Vila Nhocuné - Alexandre Zaio (serviço existente - construção nova);
UPA Vila Nhocuné - Alexandre Zaio (serviço existente - construção nova);17,5%
UPA Vila Nhocuné - Alexandre Zaio (serviço existente - construção nova);20,0%
